symbol,rsi_th,macd_th,disp_th,total_trades,win_rate,avg_profit
BTCUSDT,20,0.0,-3.0,0,0.0,0.0
BTCUSDT,20,0.0,-2.0,0,0.0,0.0
BTCUSDT,20,0.0,-1.0,0,0.0,0.0
BTCUSDT,20,0.5,-3.0,0,0.0,0.0
BTCUSDT,20,0.5,-2.0,0,0.0,0.0
BTCUSDT,20,0.5,-1.0,0,0.0,0.0
BTCUSDT,20,1.0,-3.0,0,0.0,0.0
BTCUSDT,20,1.0,-2.0,0,0.0,0.0
BTCUSDT,20,1.0,-1.0,0,0.0,0.0
BTCUSDT,25,0.0,-3.0,1,100.0,4.000000000000004
BTCUSDT,25,0.0,-2.0,1,100.0,4.000000000000004
BTCUSDT,25,0.0,-1.0,1,100.0,4.000000000000004
BTCUSDT,25,0.5,-3.0,1,100.0,4.000000000000004
BTCUSDT,25,0.5,-2.0,1,100.0,4.000000000000004
BTCUSDT,25,0.5,-1.0,1,100.0,4.000000000000004
BTCUSDT,25,1.0,-3.0,1,100.0,4.000000000000004
BTCUSDT,25,1.0,-2.0,1,100.0,4.000000000000004
BTCUSDT,25,1.0,-1.0,1,100.0,4.000000000000004
BTCUSDT,30,0.0,-3.0,1,100.0,4.000000000000004
BTCUSDT,30,0.0,-2.0,1,100.0,4.000000000000004
BTCUSDT,30,0.0,-1.0,1,100.0,4.000000000000004
BTCUSDT,30,0.5,-3.0,1,100.0,4.000000000000004
BTCUSDT,30,0.5,-2.0,1,100.0,4.000000000000004
BTCUSDT,30,0.5,-1.0,1,100.0,4.000000000000004
BTCUSDT,30,1.0,-3.0,1,100.0,4.000000000000004
BTCUSDT,30,1.0,-2.0,1,100.0,4.000000000000004
BTCUSDT,30,1.0,-1.0,1,100.0,4.000000000000004
BTCUSDT,35,0.0,-3.0,3,66.66666666666666,2.000000000000002
BTCUSDT,35,0.0,-2.0,3,66.66666666666666,2.000000000000002
BTCUSDT,35,0.0,-1.0,3,66.66666666666666,2.000000000000002
BTCUSDT,35,0.5,-3.0,3,66.66666666666666,2.000000000000002
BTCUSDT,35,0.5,-2.0,3,66.66666666666666,2.000000000000002
BTCUSDT,35,0.5,-1.0,3,66.66666666666666,2.000000000000002
BTCUSDT,35,1.0,-3.0,3,66.66666666666666,2.000000000000002
BTCUSDT,35,1.0,-2.0,3,66.66666666666666,2.000000000000002
BTCUSDT,35,1.0,-1.0,3,66.66666666666666,2.000000000000002
BTCUSDT,40,0.0,-3.0,3,66.66666666666666,2.000000000000002
BTCUSDT,40,0.0,-2.0,3,66.66666666666666,2.000000000000002
BTCUSDT,40,0.0,-1.0,3,33.33333333333333,4.440892098500626e-16
BTCUSDT,40,0.5,-3.0,3,66.66666666666666,2.000000000000002
BTCUSDT,40,0.5,-2.0,3,66.66666666666666,2.000000000000002
BTCUSDT,40,0.5,-1.0,3,33.33333333333333,4.440892098500626e-16
BTCUSDT,40,1.0,-3.0,3,66.66666666666666,2.000000000000002
BTCUSDT,40,1.0,-2.0,3,66.66666666666666,2.000000000000002
BTCUSDT,40,1.0,-1.0,3,33.33333333333333,4.440892098500626e-16
ETHUSDT,20,0.0,-3.0,0,0.0,0.0
ETHUSDT,20,0.0,-2.0,0,0.0,0.0
ETHUSDT,20,0.0,-1.0,0,0.0,0.0
ETHUSDT,20,0.5,-3.0,0,0.0,0.0
ETHUSDT,20,0.5,-2.0,0,0.0,0.0
ETHUSDT,20,0.5,-1.0,0,0.0,0.0
ETHUSDT,20,1.0,-3.0,0,0.0,0.0
ETHUSDT,20,1.0,-2.0,0,0.0,0.0
ETHUSDT,20,1.0,-1.0,0,0.0,0.0
ETHUSDT,25,0.0,-3.0,0,0.0,0.0
ETHUSDT,25,0.0,-2.0,0,0.0,0.0
ETHUSDT,25,0.0,-1.0,0,0.0,0.0
ETHUSDT,25,0.5,-3.0,0,0.0,0.0
ETHUSDT,25,0.5,-2.0,0,0.0,0.0
ETHUSDT,25,0.5,-1.0,0,0.0,0.0
ETHUSDT,25,1.0,-3.0,0,0.0,0.0
ETHUSDT,25,1.0,-2.0,0,0.0,0.0
ETHUSDT,25,1.0,-1.0,0,0.0,0.0
ETHUSDT,30,0.0,-3.0,0,0.0,0.0
ETHUSDT,30,0.0,-2.0,0,0.0,0.0
ETHUSDT,30,0.0,-1.0,0,0.0,0.0
ETHUSDT,30,0.5,-3.0,0,0.0,0.0
ETHUSDT,30,0.5,-2.0,0,0.0,0.0
ETHUSDT,30,0.5,-1.0,0,0.0,0.0
ETHUSDT,30,1.0,-3.0,0,0.0,0.0
ETHUSDT,30,1.0,-2.0,0,0.0,0.0
ETHUSDT,30,1.0,-1.0,0,0.0,0.0
ETHUSDT,35,0.0,-3.0,3,100.0,5.333333333333343
ETHUSDT,35,0.0,-2.0,3,100.0,5.333333333333343
ETHUSDT,35,0.0,-1.0,3,100.0,5.333333333333343
ETHUSDT,35,0.5,-3.0,3,100.0,5.333333333333343
ETHUSDT,35,0.5,-2.0,3,100.0,5.333333333333343
ETHUSDT,35,0.5,-1.0,3,100.0,5.333333333333343
ETHUSDT,35,1.0,-3.0,3,100.0,5.333333333333343
ETHUSDT,35,1.0,-2.0,3,100.0,5.333333333333343
ETHUSDT,35,1.0,-1.0,3,100.0,5.333333333333343
ETHUSDT,40,0.0,-3.0,3,100.0,5.333333333333343
ETHUSDT,40,0.0,-2.0,3,100.0,5.333333333333343
ETHUSDT,40,0.0,-1.0,3,100.0,5.333333333333343
ETHUSDT,40,0.5,-3.0,3,100.0,5.333333333333343
ETHUSDT,40,0.5,-2.0,3,100.0,5.333333333333343
ETHUSDT,40,0.5,-1.0,3,100.0,5.333333333333343
ETHUSDT,40,1.0,-3.0,3,100.0,5.333333333333343
ETHUSDT,40,1.0,-2.0,3,100.0,5.333333333333343
ETHUSDT,40,1.0,-1.0,3,100.0,5.333333333333343
SOLUSDT,20,0.0,-3.0,0,0.0,0.0
SOLUSDT,20,0.0,-2.0,0,0.0,0.0
SOLUSDT,20,0.0,-1.0,0,0.0,0.0
SOLUSDT,20,0.5,-3.0,0,0.0,0.0
SOLUSDT,20,0.5,-2.0,0,0.0,0.0
SOLUSDT,20,0.5,-1.0,0,0.0,0.0
SOLUSDT,20,1.0,-3.0,0,0.0,0.0
SOLUSDT,20,1.0,-2.0,0,0.0,0.0
SOLUSDT,20,1.0,-1.0,0,0.0,0.0
SOLUSDT,25,0.0,-3.0,0,0.0,0.0
SOLUSDT,25,0.0,-2.0,0,0.0,0.0
SOLUSDT,25,0.0,-1.0,0,0.0,0.0
SOLUSDT,25,0.5,-3.0,0,0.0,0.0
SOLUSDT,25,0.5,-2.0,0,0.0,0.0
SOLUSDT,25,0.5,-1.0,0,0.0,0.0
SOLUSDT,25,1.0,-3.0,0,0.0,0.0
SOLUSDT,25,1.0,-2.0,0,0.0,0.0
SOLUSDT,25,1.0,-1.0,0,0.0,0.0
SOLUSDT,30,0.0,-3.0,3,66.66666666666666,3.3333333333333375
SOLUSDT,30,0.0,-2.0,3,66.66666666666666,3.3333333333333375
SOLUSDT,30,0.0,-1.0,3,66.66666666666666,3.3333333333333375
SOLUSDT,30,0.5,-3.0,3,66.66666666666666,3.3333333333333375
SOLUSDT,30,0.5,-2.0,3,66.66666666666666,3.3333333333333375
SOLUSDT,30,0.5,-1.0,3,66.66666666666666,3.3333333333333375
SOLUSDT,30,1.0,-3.0,3,66.66666666666666,3.3333333333333375
SOLUSDT,30,1.0,-2.0,3,66.66666666666666,3.3333333333333375
SOLUSDT,30,1.0,-1.0,3,66.66666666666666,3.3333333333333375
SOLUSDT,35,0.0,-3.0,4,50.0,2.0000000000000013
SOLUSDT,35,0.0,-2.0,4,50.0,2.0000000000000013
SOLUSDT,35,0.0,-1.0,4,50.0,2.0000000000000013
SOLUSDT,35,0.5,-3.0,4,50.0,2.0000000000000013
SOLUSDT,35,0.5,-2.0,4,50.0,2.0000000000000013
SOLUSDT,35,0.5,-1.0,4,50.0,2.0000000000000013
SOLUSDT,35,1.0,-3.0,3,66.66666666666666,3.3333333333333375
SOLUSDT,35,1.0,-2.0,3,66.66666666666666,3.3333333333333375
SOLUSDT,35,1.0,-1.0,3,66.66666666666666,3.3333333333333375
SOLUSDT,40,0.0,-3.0,6,33.33333333333333,0.6666666666666653
SOLUSDT,40,0.0,-2.0,6,33.33333333333333,0.6666666666666653
SOLUSDT,40,0.0,-1.0,6,33.33333333333333,0.6666666666666653
SOLUSDT,40,0.5,-3.0,5,40.0,1.2000000000000004
SOLUSDT,40,0.5,-2.0,5,40.0,1.2000000000000004
SOLUSDT,40,0.5,-1.0,5,40.0,1.2000000000000004
SOLUSDT,40,1.0,-3.0,4,50.0,2.000000000000002
SOLUSDT,40,1.0,-2.0,4,50.0,2.000000000000002
SOLUSDT,40,1.0,-1.0,4,50.0,2.000000000000002
MASKUSDT,20,0.0,-3.0,0,0.0,0.0
MASKUSDT,20,0.0,-2.0,0,0.0,0.0
MASKUSDT,20,0.0,-1.0,0,0.0,0.0
MASKUSDT,20,0.5,-3.0,0,0.0,0.0
MASKUSDT,20,0.5,-2.0,0,0.0,0.0
MASKUSDT,20,0.5,-1.0,0,0.0,0.0
MASKUSDT,20,1.0,-3.0,0,0.0,0.0
MASKUSDT,20,1.0,-2.0,0,0.0,0.0
MASKUSDT,20,1.0,-1.0,0,0.0,0.0
MASKUSDT,25,0.0,-3.0,0,0.0,0.0
MASKUSDT,25,0.0,-2.0,0,0.0,0.0
MASKUSDT,25,0.0,-1.0,0,0.0,0.0
MASKUSDT,25,0.5,-3.0,0,0.0,0.0
MASKUSDT,25,0.5,-2.0,0,0.0,0.0
MASKUSDT,25,0.5,-1.0,0,0.0,0.0
MASKUSDT,25,1.0,-3.0,0,0.0,0.0
MASKUSDT,25,1.0,-2.0,0,0.0,0.0
MASKUSDT,25,1.0,-1.0,0,0.0,0.0
MASKUSDT,30,0.0,-3.0,0,0.0,0.0
MASKUSDT,30,0.0,-2.0,0,0.0,0.0
MASKUSDT,30,0.0,-1.0,0,0.0,0.0
MASKUSDT,30,0.5,-3.0,0,0.0,0.0
MASKUSDT,30,0.5,-2.0,0,0.0,0.0
MASKUSDT,30,0.5,-1.0,0,0.0,0.0
MASKUSDT,30,1.0,-3.0,0,0.0,0.0
MASKUSDT,30,1.0,-2.0,0,0.0,0.0
MASKUSDT,30,1.0,-1.0,0,0.0,0.0
MASKUSDT,35,0.0,-3.0,0,0.0,0.0
MASKUSDT,35,0.0,-2.0,0,0.0,0.0
MASKUSDT,35,0.0,-1.0,0,0.0,0.0
MASKUSDT,35,0.5,-3.0,0,0.0,0.0
MASKUSDT,35,0.5,-2.0,0,0.0,0.0
MASKUSDT,35,0.5,-1.0,0,0.0,0.0
MASKUSDT,35,1.0,-3.0,0,0.0,0.0
MASKUSDT,35,1.0,-2.0,0,0.0,0.0
MASKUSDT,35,1.0,-1.0,0,0.0,0.0
MASKUSDT,40,0.0,-3.0,0,0.0,0.0
MASKUSDT,40,0.0,-2.0,0,0.0,0.0
MASKUSDT,40,0.0,-1.0,0,0.0,0.0
MASKUSDT,40,0.5,-3.0,0,0.0,0.0
MASKUSDT,40,0.5,-2.0,0,0.0,0.0
MASKUSDT,40,0.5,-1.0,0,0.0,0.0
MASKUSDT,40,1.0,-3.0,0,0.0,0.0
MASKUSDT,40,1.0,-2.0,0,0.0,0.0
MASKUSDT,40,1.0,-1.0,0,0.0,0.0
1000PEPEUSDT,20,0.0,-3.0,0,0.0,0.0
1000PEPEUSDT,20,0.0,-2.0,0,0.0,0.0
1000PEPEUSDT,20,0.0,-1.0,0,0.0,0.0
1000PEPEUSDT,20,0.5,-3.0,0,0.0,0.0
1000PEPEUSDT,20,0.5,-2.0,0,0.0,0.0
1000PEPEUSDT,20,0.5,-1.0,0,0.0,0.0
1000PEPEUSDT,20,1.0,-3.0,0,0.0,0.0
1000PEPEUSDT,20,1.0,-2.0,0,0.0,0.0
1000PEPEUSDT,20,1.0,-1.0,0,0.0,0.0
1000PEPEUSDT,25,0.0,-3.0,0,0.0,0.0
1000PEPEUSDT,25,0.0,-2.0,0,0.0,0.0
1000PEPEUSDT,25,0.0,-1.0,0,0.0,0.0
1000PEPEUSDT,25,0.5,-3.0,0,0.0,0.0
1000PEPEUSDT,25,0.5,-2.0,0,0.0,0.0
1000PEPEUSDT,25,0.5,-1.0,0,0.0,0.0
1000PEPEUSDT,25,1.0,-3.0,0,0.0,0.0
1000PEPEUSDT,25,1.0,-2.0,0,0.0,0.0
1000PEPEUSDT,25,1.0,-1.0,0,0.0,0.0
1000PEPEUSDT,30,0.0,-3.0,0,0.0,0.0
1000PEPEUSDT,30,0.0,-2.0,0,0.0,0.0
1000PEPEUSDT,30,0.0,-1.0,0,0.0,0.0
1000PEPEUSDT,30,0.5,-3.0,0,0.0,0.0
1000PEPEUSDT,30,0.5,-2.0,0,0.0,0.0
1000PEPEUSDT,30,0.5,-1.0,0,0.0,0.0
1000PEPEUSDT,30,1.0,-3.0,0,0.0,0.0
1000PEPEUSDT,30,1.0,-2.0,0,0.0,0.0
1000PEPEUSDT,30,1.0,-1.0,0,0.0,0.0
1000PEPEUSDT,35,0.0,-3.0,0,0.0,0.0
1000PEPEUSDT,35,0.0,-2.0,0,0.0,0.0
1000PEPEUSDT,35,0.0,-1.0,0,0.0,0.0
1000PEPEUSDT,35,0.5,-3.0,0,0.0,0.0
1000PEPEUSDT,35,0.5,-2.0,0,0.0,0.0
1000PEPEUSDT,35,0.5,-1.0,0,0.0,0.0
1000PEPEUSDT,35,1.0,-3.0,0,0.0,0.0
1000PEPEUSDT,35,1.0,-2.0,0,0.0,0.0
1000PEPEUSDT,35,1.0,-1.0,0,0.0,0.0
1000PEPEUSDT,40,0.0,-3.0,0,0.0,0.0
1000PEPEUSDT,40,0.0,-2.0,0,0.0,0.0
1000PEPEUSDT,40,0.0,-1.0,0,0.0,0.0
1000PEPEUSDT,40,0.5,-3.0,0,0.0,0.0
1000PEPEUSDT,40,0.5,-2.0,0,0.0,0.0
1000PEPEUSDT,40,0.5,-1.0,0,0.0,0.0
1000PEPEUSDT,40,1.0,-3.0,0,0.0,0.0
1000PEPEUSDT,40,1.0,-2.0,0,0.0,0.0
1000PEPEUSDT,40,1.0,-1.0,0,0.0,0.0
DOGEUSDT,20,0.0,-3.0,0,0.0,0.0
DOGEUSDT,20,0.0,-2.0,0,0.0,0.0
DOGEUSDT,20,0.0,-1.0,0,0.0,0.0
DOGEUSDT,20,0.5,-3.0,0,0.0,0.0
DOGEUSDT,20,0.5,-2.0,0,0.0,0.0
DOGEUSDT,20,0.5,-1.0,0,0.0,0.0
DOGEUSDT,20,1.0,-3.0,0,0.0,0.0
DOGEUSDT,20,1.0,-2.0,0,0.0,0.0
DOGEUSDT,20,1.0,-1.0,0,0.0,0.0
DOGEUSDT,25,0.0,-3.0,0,0.0,0.0
DOGEUSDT,25,0.0,-2.0,0,0.0,0.0
DOGEUSDT,25,0.0,-1.0,0,0.0,0.0
DOGEUSDT,25,0.5,-3.0,0,0.0,0.0
DOGEUSDT,25,0.5,-2.0,0,0.0,0.0
DOGEUSDT,25,0.5,-1.0,0,0.0,0.0
DOGEUSDT,25,1.0,-3.0,0,0.0,0.0
DOGEUSDT,25,1.0,-2.0,0,0.0,0.0
DOGEUSDT,25,1.0,-1.0,0,0.0,0.0
DOGEUSDT,30,0.0,-3.0,1,0.0,-2.000000000000002
DOGEUSDT,30,0.0,-2.0,1,0.0,-2.000000000000002
DOGEUSDT,30,0.0,-1.0,1,0.0,-2.000000000000002
DOGEUSDT,30,0.5,-3.0,0,0.0,0.0
DOGEUSDT,30,0.5,-2.0,0,0.0,0.0
DOGEUSDT,30,0.5,-1.0,0,0.0,0.0
DOGEUSDT,30,1.0,-3.0,0,0.0,0.0
DOGEUSDT,30,1.0,-2.0,0,0.0,0.0
DOGEUSDT,30,1.0,-1.0,0,0.0,0.0
DOGEUSDT,35,0.0,-3.0,1,0.0,-2.000000000000002
DOGEUSDT,35,0.0,-2.0,1,0.0,-2.000000000000002
DOGEUSDT,35,0.0,-1.0,1,0.0,-2.000000000000002
DOGEUSDT,35,0.5,-3.0,0,0.0,0.0
DOGEUSDT,35,0.5,-2.0,0,0.0,0.0
DOGEUSDT,35,0.5,-1.0,0,0.0,0.0
DOGEUSDT,35,1.0,-3.0,0,0.0,0.0
DOGEUSDT,35,1.0,-2.0,0,0.0,0.0
DOGEUSDT,35,1.0,-1.0,0,0.0,0.0
DOGEUSDT,40,0.0,-3.0,4,50.0,2.0000000000000018
DOGEUSDT,40,0.0,-2.0,4,50.0,2.0000000000000018
DOGEUSDT,40,0.0,-1.0,4,50.0,2.0000000000000018
DOGEUSDT,40,0.5,-3.0,0,0.0,0.0
DOGEUSDT,40,0.5,-2.0,0,0.0,0.0
DOGEUSDT,40,0.5,-1.0,0,0.0,0.0
DOGEUSDT,40,1.0,-3.0,0,0.0,0.0
DOGEUSDT,40,1.0,-2.0,0,0.0,0.0
DOGEUSDT,40,1.0,-1.0,0,0.0,0.0
XRPUSDT,20,0.0,-3.0,0,0.0,0.0
XRPUSDT,20,0.0,-2.0,0,0.0,0.0
XRPUSDT,20,0.0,-1.0,0,0.0,0.0
XRPUSDT,20,0.5,-3.0,0,0.0,0.0
XRPUSDT,20,0.5,-2.0,0,0.0,0.0
XRPUSDT,20,0.5,-1.0,0,0.0,0.0
XRPUSDT,20,1.0,-3.0,0,0.0,0.0
XRPUSDT,20,1.0,-2.0,0,0.0,0.0
XRPUSDT,20,1.0,-1.0,0,0.0,0.0
XRPUSDT,25,0.0,-3.0,1,0.0,-2.0000000000000013
XRPUSDT,25,0.0,-2.0,1,0.0,-2.0000000000000013
XRPUSDT,25,0.0,-1.0,1,0.0,-2.0000000000000013
XRPUSDT,25,0.5,-3.0,0,0.0,0.0
XRPUSDT,25,0.5,-2.0,0,0.0,0.0
XRPUSDT,25,0.5,-1.0,0,0.0,0.0
XRPUSDT,25,1.0,-3.0,0,0.0,0.0
XRPUSDT,25,1.0,-2.0,0,0.0,0.0
XRPUSDT,25,1.0,-1.0,0,0.0,0.0
XRPUSDT,30,0.0,-3.0,2,0.0,-2.0000000000000027
XRPUSDT,30,0.0,-2.0,2,0.0,-2.0000000000000027
XRPUSDT,30,0.0,-1.0,2,0.0,-2.0000000000000027
XRPUSDT,30,0.5,-3.0,0,0.0,0.0
XRPUSDT,30,0.5,-2.0,0,0.0,0.0
XRPUSDT,30,0.5,-1.0,0,0.0,0.0
XRPUSDT,30,1.0,-3.0,0,0.0,0.0
XRPUSDT,30,1.0,-2.0,0,0.0,0.0
XRPUSDT,30,1.0,-1.0,0,0.0,0.0
XRPUSDT,35,0.0,-3.0,5,20.0,-0.8
XRPUSDT,35,0.0,-2.0,5,20.0,-0.8
XRPUSDT,35,0.0,-1.0,5,20.0,-0.8
XRPUSDT,35,0.5,-3.0,0,0.0,0.0
XRPUSDT,35,0.5,-2.0,0,0.0,0.0
XRPUSDT,35,0.5,-1.0,0,0.0,0.0
XRPUSDT,35,1.0,-3.0,0,0.0,0.0
XRPUSDT,35,1.0,-2.0,0,0.0,0.0
XRPUSDT,35,1.0,-1.0,0,0.0,0.0
XRPUSDT,40,0.0,-3.0,6,16.666666666666664,-1.000000000000001
XRPUSDT,40,0.0,-2.0,65,93.84615384615384,6.830769230769234
XRPUSDT,40,0.0,-1.0,65,93.84615384615384,6.830769230769234
XRPUSDT,40,0.5,-3.0,0,0.0,0.0
XRPUSDT,40,0.5,-2.0,0,0.0,0.0
XRPUSDT,40,0.5,-1.0,0,0.0,0.0
XRPUSDT,40,1.0,-3.0,0,0.0,0.0
XRPUSDT,40,1.0,-2.0,0,0.0,0.0
XRPUSDT,40,1.0,-1.0,0,0.0,0.0
SUIUSDT,20,0.0,-3.0,0,0.0,0.0
SUIUSDT,20,0.0,-2.0,0,0.0,0.0
SUIUSDT,20,0.0,-1.0,0,0.0,0.0
SUIUSDT,20,0.5,-3.0,0,0.0,0.0
SUIUSDT,20,0.5,-2.0,0,0.0,0.0
SUIUSDT,20,0.5,-1.0,0,0.0,0.0
SUIUSDT,20,1.0,-3.0,0,0.0,0.0
SUIUSDT,20,1.0,-2.0,0,0.0,0.0
SUIUSDT,20,1.0,-1.0,0,0.0,0.0
SUIUSDT,25,0.0,-3.0,0,0.0,0.0
SUIUSDT,25,0.0,-2.0,0,0.0,0.0
SUIUSDT,25,0.0,-1.0,0,0.0,0.0
SUIUSDT,25,0.5,-3.0,0,0.0,0.0
SUIUSDT,25,0.5,-2.0,0,0.0,0.0
SUIUSDT,25,0.5,-1.0,0,0.0,0.0
SUIUSDT,25,1.0,-3.0,0,0.0,0.0
SUIUSDT,25,1.0,-2.0,0,0.0,0.0
SUIUSDT,25,1.0,-1.0,0,0.0,0.0
SUIUSDT,30,0.0,-3.0,0,0.0,0.0
SUIUSDT,30,0.0,-2.0,0,0.0,0.0
SUIUSDT,30,0.0,-1.0,0,0.0,0.0
SUIUSDT,30,0.5,-3.0,0,0.0,0.0
SUIUSDT,30,0.5,-2.0,0,0.0,0.0
SUIUSDT,30,0.5,-1.0,0,0.0,0.0
SUIUSDT,30,1.0,-3.0,0,0.0,0.0
SUIUSDT,30,1.0,-2.0,0,0.0,0.0
SUIUSDT,30,1.0,-1.0,0,0.0,0.0
SUIUSDT,35,0.0,-3.0,6,50.0,1.6666666666666685
SUIUSDT,35,0.0,-2.0,6,50.0,1.6666666666666685
SUIUSDT,35,0.0,-1.0,6,50.0,1.6666666666666685
SUIUSDT,35,0.5,-3.0,0,0.0,0.0
SUIUSDT,35,0.5,-2.0,0,0.0,0.0
SUIUSDT,35,0.5,-1.0,0,0.0,0.0
SUIUSDT,35,1.0,-3.0,0,0.0,0.0
SUIUSDT,35,1.0,-2.0,0,0.0,0.0
SUIUSDT,35,1.0,-1.0,0,0.0,0.0
SUIUSDT,40,0.0,-3.0,12,41.66666666666667,0.8333333333333325
SUIUSDT,40,0.0,-2.0,12,41.66666666666667,0.8333333333333325
SUIUSDT,40,0.0,-1.0,12,41.66666666666667,0.8333333333333325
SUIUSDT,40,0.5,-3.0,0,0.0,0.0
SUIUSDT,40,0.5,-2.0,0,0.0,0.0
SUIUSDT,40,0.5,-1.0,0,0.0,0.0
SUIUSDT,40,1.0,-3.0,0,0.0,0.0
SUIUSDT,40,1.0,-2.0,0,0.0,0.0
SUIUSDT,40,1.0,-1.0,0,0.0,0.0
TRUMPUSDT,20,0.0,-3.0,0,0.0,0.0
TRUMPUSDT,20,0.0,-2.0,0,0.0,0.0
TRUMPUSDT,20,0.0,-1.0,0,0.0,0.0
TRUMPUSDT,20,0.5,-3.0,0,0.0,0.0
TRUMPUSDT,20,0.5,-2.0,0,0.0,0.0
TRUMPUSDT,20,0.5,-1.0,0,0.0,0.0
TRUMPUSDT,20,1.0,-3.0,0,0.0,0.0
TRUMPUSDT,20,1.0,-2.0,0,0.0,0.0
TRUMPUSDT,20,1.0,-1.0,0,0.0,0.0
TRUMPUSDT,25,0.0,-3.0,0,0.0,0.0
TRUMPUSDT,25,0.0,-2.0,0,0.0,0.0
TRUMPUSDT,25,0.0,-1.0,0,0.0,0.0
TRUMPUSDT,25,0.5,-3.0,0,0.0,0.0
TRUMPUSDT,25,0.5,-2.0,0,0.0,0.0
TRUMPUSDT,25,0.5,-1.0,0,0.0,0.0
TRUMPUSDT,25,1.0,-3.0,0,0.0,0.0
TRUMPUSDT,25,1.0,-2.0,0,0.0,0.0
TRUMPUSDT,25,1.0,-1.0,0,0.0,0.0
TRUMPUSDT,30,0.0,-3.0,0,0.0,0.0
TRUMPUSDT,30,0.0,-2.0,0,0.0,0.0
TRUMPUSDT,30,0.0,-1.0,0,0.0,0.0
TRUMPUSDT,30,0.5,-3.0,0,0.0,0.0
TRUMPUSDT,30,0.5,-2.0,0,0.0,0.0
TRUMPUSDT,30,0.5,-1.0,0,0.0,0.0
TRUMPUSDT,30,1.0,-3.0,0,0.0,0.0
TRUMPUSDT,30,1.0,-2.0,0,0.0,0.0
TRUMPUSDT,30,1.0,-1.0,0,0.0,0.0
TRUMPUSDT,35,0.0,-3.0,0,0.0,0.0
TRUMPUSDT,35,0.0,-2.0,0,0.0,0.0
TRUMPUSDT,35,0.0,-1.0,0,0.0,0.0
TRUMPUSDT,35,0.5,-3.0,0,0.0,0.0
TRUMPUSDT,35,0.5,-2.0,0,0.0,0.0
TRUMPUSDT,35,0.5,-1.0,0,0.0,0.0
TRUMPUSDT,35,1.0,-3.0,0,0.0,0.0
TRUMPUSDT,35,1.0,-2.0,0,0.0,0.0
TRUMPUSDT,35,1.0,-1.0,0,0.0,0.0
TRUMPUSDT,40,0.0,-3.0,1,0.0,-1.999999999999998
TRUMPUSDT,40,0.0,-2.0,1,0.0,-1.999999999999998
TRUMPUSDT,40,0.0,-1.0,2,0.0,-1.9999999999999971
TRUMPUSDT,40,0.5,-3.0,0,0.0,0.0
TRUMPUSDT,40,0.5,-2.0,0,0.0,0.0
TRUMPUSDT,40,0.5,-1.0,0,0.0,0.0
TRUMPUSDT,40,1.0,-3.0,0,0.0,0.0
TRUMPUSDT,40,1.0,-2.0,0,0.0,0.0
TRUMPUSDT,40,1.0,-1.0,0,0.0,0.0
LAUSDT,20,0.0,-3.0,0,0.0,0.0
LAUSDT,20,0.0,-2.0,0,0.0,0.0
LAUSDT,20,0.0,-1.0,0,0.0,0.0
LAUSDT,20,0.5,-3.0,0,0.0,0.0
LAUSDT,20,0.5,-2.0,0,0.0,0.0
LAUSDT,20,0.5,-1.0,0,0.0,0.0
LAUSDT,20,1.0,-3.0,0,0.0,0.0
LAUSDT,20,1.0,-2.0,0,0.0,0.0
LAUSDT,20,1.0,-1.0,0,0.0,0.0
LAUSDT,25,0.0,-3.0,0,0.0,0.0
LAUSDT,25,0.0,-2.0,0,0.0,0.0
LAUSDT,25,0.0,-1.0,0,0.0,0.0
LAUSDT,25,0.5,-3.0,0,0.0,0.0
LAUSDT,25,0.5,-2.0,0,0.0,0.0
LAUSDT,25,0.5,-1.0,0,0.0,0.0
LAUSDT,25,1.0,-3.0,0,0.0,0.0
LAUSDT,25,1.0,-2.0,0,0.0,0.0
LAUSDT,25,1.0,-1.0,0,0.0,0.0
LAUSDT,30,0.0,-3.0,0,0.0,0.0
LAUSDT,30,0.0,-2.0,0,0.0,0.0
LAUSDT,30,0.0,-1.0,0,0.0,0.0
LAUSDT,30,0.5,-3.0,0,0.0,0.0
LAUSDT,30,0.5,-2.0,0,0.0,0.0
LAUSDT,30,0.5,-1.0,0,0.0,0.0
LAUSDT,30,1.0,-3.0,0,0.0,0.0
LAUSDT,30,1.0,-2.0,0,0.0,0.0
LAUSDT,30,1.0,-1.0,0,0.0,0.0
LAUSDT,35,0.0,-3.0,0,0.0,0.0
LAUSDT,35,0.0,-2.0,0,0.0,0.0
LAUSDT,35,0.0,-1.0,0,0.0,0.0
LAUSDT,35,0.5,-3.0,0,0.0,0.0
LAUSDT,35,0.5,-2.0,0,0.0,0.0
LAUSDT,35,0.5,-1.0,0,0.0,0.0
LAUSDT,35,1.0,-3.0,0,0.0,0.0
LAUSDT,35,1.0,-2.0,0,0.0,0.0
LAUSDT,35,1.0,-1.0,0,0.0,0.0
LAUSDT,40,0.0,-3.0,0,0.0,0.0
LAUSDT,40,0.0,-2.0,0,0.0,0.0
LAUSDT,40,0.0,-1.0,0,0.0,0.0
LAUSDT,40,0.5,-3.0,0,0.0,0.0
LAUSDT,40,0.5,-2.0,0,0.0,0.0
LAUSDT,40,0.5,-1.0,0,0.0,0.0
LAUSDT,40,1.0,-3.0,0,0.0,0.0
LAUSDT,40,1.0,-2.0,0,0.0,0.0
LAUSDT,40,1.0,-1.0,0,0.0,0.0
FARTCOINUSDT,20,0.0,-3.0,0,0.0,0.0
FARTCOINUSDT,20,0.0,-2.0,0,0.0,0.0
FARTCOINUSDT,20,0.0,-1.0,0,0.0,0.0
FARTCOINUSDT,20,0.5,-3.0,0,0.0,0.0
FARTCOINUSDT,20,0.5,-2.0,0,0.0,0.0
FARTCOINUSDT,20,0.5,-1.0,0,0.0,0.0
FARTCOINUSDT,20,1.0,-3.0,0,0.0,0.0
FARTCOINUSDT,20,1.0,-2.0,0,0.0,0.0
FARTCOINUSDT,20,1.0,-1.0,0,0.0,0.0
FARTCOINUSDT,25,0.0,-3.0,0,0.0,0.0
FARTCOINUSDT,25,0.0,-2.0,0,0.0,0.0
FARTCOINUSDT,25,0.0,-1.0,0,0.0,0.0
FARTCOINUSDT,25,0.5,-3.0,0,0.0,0.0
FARTCOINUSDT,25,0.5,-2.0,0,0.0,0.0
FARTCOINUSDT,25,0.5,-1.0,0,0.0,0.0
FARTCOINUSDT,25,1.0,-3.0,0,0.0,0.0
FARTCOINUSDT,25,1.0,-2.0,0,0.0,0.0
FARTCOINUSDT,25,1.0,-1.0,0,0.0,0.0
FARTCOINUSDT,30,0.0,-3.0,0,0.0,0.0
FARTCOINUSDT,30,0.0,-2.0,0,0.0,0.0
FARTCOINUSDT,30,0.0,-1.0,0,0.0,0.0
FARTCOINUSDT,30,0.5,-3.0,0,0.0,0.0
FARTCOINUSDT,30,0.5,-2.0,0,0.0,0.0
FARTCOINUSDT,30,0.5,-1.0,0,0.0,0.0
FARTCOINUSDT,30,1.0,-3.0,0,0.0,0.0
FARTCOINUSDT,30,1.0,-2.0,0,0.0,0.0
FARTCOINUSDT,30,1.0,-1.0,0,0.0,0.0
FARTCOINUSDT,35,0.0,-3.0,0,0.0,0.0
FARTCOINUSDT,35,0.0,-2.0,0,0.0,0.0
FARTCOINUSDT,35,0.0,-1.0,0,0.0,0.0
FARTCOINUSDT,35,0.5,-3.0,0,0.0,0.0
FARTCOINUSDT,35,0.5,-2.0,0,0.0,0.0
FARTCOINUSDT,35,0.5,-1.0,0,0.0,0.0
FARTCOINUSDT,35,1.0,-3.0,0,0.0,0.0
FARTCOINUSDT,35,1.0,-2.0,0,0.0,0.0
FARTCOINUSDT,35,1.0,-1.0,0,0.0,0.0
FARTCOINUSDT,40,0.0,-3.0,0,0.0,0.0
FARTCOINUSDT,40,0.0,-2.0,0,0.0,0.0
FARTCOINUSDT,40,0.0,-1.0,0,0.0,0.0
FARTCOINUSDT,40,0.5,-3.0,0,0.0,0.0
FARTCOINUSDT,40,0.5,-2.0,0,0.0,0.0
FARTCOINUSDT,40,0.5,-1.0,0,0.0,0.0
FARTCOINUSDT,40,1.0,-3.0,0,0.0,0.0
FARTCOINUSDT,40,1.0,-2.0,0,0.0,0.0
FARTCOINUSDT,40,1.0,-1.0,0,0.0,0.0
ADAUSDT,20,0.0,-3.0,0,0.0,0.0
ADAUSDT,20,0.0,-2.0,0,0.0,0.0
ADAUSDT,20,0.0,-1.0,0,0.0,0.0
ADAUSDT,20,0.5,-3.0,0,0.0,0.0
ADAUSDT,20,0.5,-2.0,0,0.0,0.0
ADAUSDT,20,0.5,-1.0,0,0.0,0.0
ADAUSDT,20,1.0,-3.0,0,0.0,0.0
ADAUSDT,20,1.0,-2.0,0,0.0,0.0
ADAUSDT,20,1.0,-1.0,0,0.0,0.0
ADAUSDT,25,0.0,-3.0,0,0.0,0.0
ADAUSDT,25,0.0,-2.0,0,0.0,0.0
ADAUSDT,25,0.0,-1.0,0,0.0,0.0
ADAUSDT,25,0.5,-3.0,0,0.0,0.0
ADAUSDT,25,0.5,-2.0,0,0.0,0.0
ADAUSDT,25,0.5,-1.0,0,0.0,0.0
ADAUSDT,25,1.0,-3.0,0,0.0,0.0
ADAUSDT,25,1.0,-2.0,0,0.0,0.0
ADAUSDT,25,1.0,-1.0,0,0.0,0.0
ADAUSDT,30,0.0,-3.0,0,0.0,0.0
ADAUSDT,30,0.0,-2.0,0,0.0,0.0
ADAUSDT,30,0.0,-1.0,0,0.0,0.0
ADAUSDT,30,0.5,-3.0,0,0.0,0.0
ADAUSDT,30,0.5,-2.0,0,0.0,0.0
ADAUSDT,30,0.5,-1.0,0,0.0,0.0
ADAUSDT,30,1.0,-3.0,0,0.0,0.0
ADAUSDT,30,1.0,-2.0,0,0.0,0.0
ADAUSDT,30,1.0,-1.0,0,0.0,0.0
ADAUSDT,35,0.0,-3.0,0,0.0,0.0
ADAUSDT,35,0.0,-2.0,0,0.0,0.0
ADAUSDT,35,0.0,-1.0,1,0.0,-2.0000000000000004
ADAUSDT,35,0.5,-3.0,0,0.0,0.0
ADAUSDT,35,0.5,-2.0,0,0.0,0.0
ADAUSDT,35,0.5,-1.0,0,0.0,0.0
ADAUSDT,35,1.0,-3.0,0,0.0,0.0
ADAUSDT,35,1.0,-2.0,0,0.0,0.0
ADAUSDT,35,1.0,-1.0,0,0.0,0.0
ADAUSDT,40,0.0,-3.0,3,33.33333333333333,4.884981308350689e-15
ADAUSDT,40,0.0,-2.0,3,33.33333333333333,2.6645352591003757e-15
ADAUSDT,40,0.0,-1.0,5,20.0,-0.7999999999999969
ADAUSDT,40,0.5,-3.0,0,0.0,0.0
ADAUSDT,40,0.5,-2.0,0,0.0,0.0
ADAUSDT,40,0.5,-1.0,0,0.0,0.0
ADAUSDT,40,1.0,-3.0,0,0.0,0.0
ADAUSDT,40,1.0,-2.0,0,0.0,0.0
ADAUSDT,40,1.0,-1.0,0,0.0,0.0
HUMAUSDT,20,0.0,-3.0,0,0.0,0.0
HUMAUSDT,20,0.0,-2.0,0,0.0,0.0
HUMAUSDT,20,0.0,-1.0,0,0.0,0.0
HUMAUSDT,20,0.5,-3.0,0,0.0,0.0
HUMAUSDT,20,0.5,-2.0,0,0.0,0.0
HUMAUSDT,20,0.5,-1.0,0,0.0,0.0
HUMAUSDT,20,1.0,-3.0,0,0.0,0.0
HUMAUSDT,20,1.0,-2.0,0,0.0,0.0
HUMAUSDT,20,1.0,-1.0,0,0.0,0.0
HUMAUSDT,25,0.0,-3.0,0,0.0,0.0
HUMAUSDT,25,0.0,-2.0,0,0.0,0.0
HUMAUSDT,25,0.0,-1.0,0,0.0,0.0
HUMAUSDT,25,0.5,-3.0,0,0.0,0.0
HUMAUSDT,25,0.5,-2.0,0,0.0,0.0
HUMAUSDT,25,0.5,-1.0,0,0.0,0.0
HUMAUSDT,25,1.0,-3.0,0,0.0,0.0
HUMAUSDT,25,1.0,-2.0,0,0.0,0.0
HUMAUSDT,25,1.0,-1.0,0,0.0,0.0
HUMAUSDT,30,0.0,-3.0,0,0.0,0.0
HUMAUSDT,30,0.0,-2.0,0,0.0,0.0
HUMAUSDT,30,0.0,-1.0,0,0.0,0.0
HUMAUSDT,30,0.5,-3.0,0,0.0,0.0
HUMAUSDT,30,0.5,-2.0,0,0.0,0.0
HUMAUSDT,30,0.5,-1.0,0,0.0,0.0
HUMAUSDT,30,1.0,-3.0,0,0.0,0.0
HUMAUSDT,30,1.0,-2.0,0,0.0,0.0
HUMAUSDT,30,1.0,-1.0,0,0.0,0.0
HUMAUSDT,35,0.0,-3.0,0,0.0,0.0
HUMAUSDT,35,0.0,-2.0,0,0.0,0.0
HUMAUSDT,35,0.0,-1.0,0,0.0,0.0
HUMAUSDT,35,0.5,-3.0,0,0.0,0.0
HUMAUSDT,35,0.5,-2.0,0,0.0,0.0
HUMAUSDT,35,0.5,-1.0,0,0.0,0.0
HUMAUSDT,35,1.0,-3.0,0,0.0,0.0
HUMAUSDT,35,1.0,-2.0,0,0.0,0.0
HUMAUSDT,35,1.0,-1.0,0,0.0,0.0
HUMAUSDT,40,0.0,-3.0,0,0.0,0.0
HUMAUSDT,40,0.0,-2.0,0,0.0,0.0
HUMAUSDT,40,0.0,-1.0,0,0.0,0.0
HUMAUSDT,40,0.5,-3.0,0,0.0,0.0
HUMAUSDT,40,0.5,-2.0,0,0.0,0.0
HUMAUSDT,40,0.5,-1.0,0,0.0,0.0
HUMAUSDT,40,1.0,-3.0,0,0.0,0.0
HUMAUSDT,40,1.0,-2.0,0,0.0,0.0
HUMAUSDT,40,1.0,-1.0,0,0.0,0.0
BNBUSDT,20,0.0,-3.0,0,0.0,0.0
BNBUSDT,20,0.0,-2.0,0,0.0,0.0
BNBUSDT,20,0.0,-1.0,0,0.0,0.0
BNBUSDT,20,0.5,-3.0,0,0.0,0.0
BNBUSDT,20,0.5,-2.0,0,0.0,0.0
BNBUSDT,20,0.5,-1.0,0,0.0,0.0
BNBUSDT,20,1.0,-3.0,0,0.0,0.0
BNBUSDT,20,1.0,-2.0,0,0.0,0.0
BNBUSDT,20,1.0,-1.0,0,0.0,0.0
BNBUSDT,25,0.0,-3.0,0,0.0,0.0
BNBUSDT,25,0.0,-2.0,0,0.0,0.0
BNBUSDT,25,0.0,-1.0,0,0.0,0.0
BNBUSDT,25,0.5,-3.0,0,0.0,0.0
BNBUSDT,25,0.5,-2.0,0,0.0,0.0
BNBUSDT,25,0.5,-1.0,0,0.0,0.0
BNBUSDT,25,1.0,-3.0,0,0.0,0.0
BNBUSDT,25,1.0,-2.0,0,0.0,0.0
BNBUSDT,25,1.0,-1.0,0,0.0,0.0
BNBUSDT,30,0.0,-3.0,0,0.0,0.0
BNBUSDT,30,0.0,-2.0,0,0.0,0.0
BNBUSDT,30,0.0,-1.0,0,0.0,0.0
BNBUSDT,30,0.5,-3.0,0,0.0,0.0
BNBUSDT,30,0.5,-2.0,0,0.0,0.0
BNBUSDT,30,0.5,-1.0,0,0.0,0.0
BNBUSDT,30,1.0,-3.0,0,0.0,0.0
BNBUSDT,30,1.0,-2.0,0,0.0,0.0
BNBUSDT,30,1.0,-1.0,0,0.0,0.0
BNBUSDT,35,0.0,-3.0,1,100.0,4.000000000000003
BNBUSDT,35,0.0,-2.0,1,100.0,4.000000000000003
BNBUSDT,35,0.0,-1.0,1,100.0,4.000000000000003
BNBUSDT,35,0.5,-3.0,1,100.0,4.000000000000003
BNBUSDT,35,0.5,-2.0,1,100.0,4.000000000000003
BNBUSDT,35,0.5,-1.0,1,100.0,4.000000000000003
BNBUSDT,35,1.0,-3.0,1,100.0,4.000000000000003
BNBUSDT,35,1.0,-2.0,1,100.0,4.000000000000003
BNBUSDT,35,1.0,-1.0,1,100.0,4.000000000000003
BNBUSDT,40,0.0,-3.0,1,100.0,4.000000000000003
BNBUSDT,40,0.0,-2.0,1,100.0,4.000000000000003
BNBUSDT,40,0.0,-1.0,2,50.0,1.000000000000005
BNBUSDT,40,0.5,-3.0,1,100.0,4.000000000000003
BNBUSDT,40,0.5,-2.0,1,100.0,4.000000000000003
BNBUSDT,40,0.5,-1.0,2,50.0,1.000000000000005
BNBUSDT,40,1.0,-3.0,1,100.0,4.000000000000003
BNBUSDT,40,1.0,-2.0,1,100.0,4.000000000000003
BNBUSDT,40,1.0,-1.0,1,100.0,4.000000000000003
VIRTUALUSDT,20,0.0,-3.0,0,0.0,0.0
VIRTUALUSDT,20,0.0,-2.0,0,0.0,0.0
VIRTUALUSDT,20,0.0,-1.0,0,0.0,0.0
VIRTUALUSDT,20,0.5,-3.0,0,0.0,0.0
VIRTUALUSDT,20,0.5,-2.0,0,0.0,0.0
VIRTUALUSDT,20,0.5,-1.0,0,0.0,0.0
VIRTUALUSDT,20,1.0,-3.0,0,0.0,0.0
VIRTUALUSDT,20,1.0,-2.0,0,0.0,0.0
VIRTUALUSDT,20,1.0,-1.0,0,0.0,0.0
VIRTUALUSDT,25,0.0,-3.0,0,0.0,0.0
VIRTUALUSDT,25,0.0,-2.0,0,0.0,0.0
VIRTUALUSDT,25,0.0,-1.0,0,0.0,0.0
VIRTUALUSDT,25,0.5,-3.0,0,0.0,0.0
VIRTUALUSDT,25,0.5,-2.0,0,0.0,0.0
VIRTUALUSDT,25,0.5,-1.0,0,0.0,0.0
VIRTUALUSDT,25,1.0,-3.0,0,0.0,0.0
VIRTUALUSDT,25,1.0,-2.0,0,0.0,0.0
VIRTUALUSDT,25,1.0,-1.0,0,0.0,0.0
VIRTUALUSDT,30,0.0,-3.0,0,0.0,0.0
VIRTUALUSDT,30,0.0,-2.0,0,0.0,0.0
VIRTUALUSDT,30,0.0,-1.0,0,0.0,0.0
VIRTUALUSDT,30,0.5,-3.0,0,0.0,0.0
VIRTUALUSDT,30,0.5,-2.0,0,0.0,0.0
VIRTUALUSDT,30,0.5,-1.0,0,0.0,0.0
VIRTUALUSDT,30,1.0,-3.0,0,0.0,0.0
VIRTUALUSDT,30,1.0,-2.0,0,0.0,0.0
VIRTUALUSDT,30,1.0,-1.0,0,0.0,0.0
VIRTUALUSDT,35,0.0,-3.0,0,0.0,0.0
VIRTUALUSDT,35,0.0,-2.0,0,0.0,0.0
VIRTUALUSDT,35,0.0,-1.0,0,0.0,0.0
VIRTUALUSDT,35,0.5,-3.0,0,0.0,0.0
VIRTUALUSDT,35,0.5,-2.0,0,0.0,0.0
VIRTUALUSDT,35,0.5,-1.0,0,0.0,0.0
VIRTUALUSDT,35,1.0,-3.0,0,0.0,0.0
VIRTUALUSDT,35,1.0,-2.0,0,0.0,0.0
VIRTUALUSDT,35,1.0,-1.0,0,0.0,0.0
VIRTUALUSDT,40,0.0,-3.0,1,0.0,-1.9999999999999967
VIRTUALUSDT,40,0.0,-2.0,1,0.0,-1.9999999999999967
VIRTUALUSDT,40,0.0,-1.0,1,0.0,-1.9999999999999967
VIRTUALUSDT,40,0.5,-3.0,0,0.0,0.0
VIRTUALUSDT,40,0.5,-2.0,0,0.0,0.0
VIRTUALUSDT,40,0.5,-1.0,0,0.0,0.0
VIRTUALUSDT,40,1.0,-3.0,0,0.0,0.0
VIRTUALUSDT,40,1.0,-2.0,0,0.0,0.0
VIRTUALUSDT,40,1.0,-1.0,0,0.0,0.0
LPTUSDT,20,0.0,-3.0,0,0.0,0.0
LPTUSDT,20,0.0,-2.0,0,0.0,0.0
LPTUSDT,20,0.0,-1.0,0,0.0,0.0
LPTUSDT,20,0.5,-3.0,0,0.0,0.0
LPTUSDT,20,0.5,-2.0,0,0.0,0.0
LPTUSDT,20,0.5,-1.0,0,0.0,0.0
LPTUSDT,20,1.0,-3.0,0,0.0,0.0
LPTUSDT,20,1.0,-2.0,0,0.0,0.0
LPTUSDT,20,1.0,-1.0,0,0.0,0.0
LPTUSDT,25,0.0,-3.0,4,75.0,5.500000000000006
LPTUSDT,25,0.0,-2.0,4,75.0,5.500000000000006
LPTUSDT,25,0.0,-1.0,4,75.0,5.500000000000006
LPTUSDT,25,0.5,-3.0,0,0.0,0.0
LPTUSDT,25,0.5,-2.0,0,0.0,0.0
LPTUSDT,25,0.5,-1.0,0,0.0,0.0
LPTUSDT,25,1.0,-3.0,0,0.0,0.0
LPTUSDT,25,1.0,-2.0,0,0.0,0.0
LPTUSDT,25,1.0,-1.0,0,0.0,0.0
LPTUSDT,30,0.0,-3.0,5,60.0,4.0000000000000036
LPTUSDT,30,0.0,-2.0,5,60.0,4.0000000000000036
LPTUSDT,30,0.0,-1.0,5,60.0,4.0000000000000036
LPTUSDT,30,0.5,-3.0,0,0.0,0.0
LPTUSDT,30,0.5,-2.0,0,0.0,0.0
LPTUSDT,30,0.5,-1.0,0,0.0,0.0
LPTUSDT,30,1.0,-3.0,0,0.0,0.0
LPTUSDT,30,1.0,-2.0,0,0.0,0.0
LPTUSDT,30,1.0,-1.0,0,0.0,0.0
LPTUSDT,35,0.0,-3.0,6,50.0,3.0000000000000036
LPTUSDT,35,0.0,-2.0,6,50.0,3.0000000000000036
LPTUSDT,35,0.0,-1.0,6,50.0,3.0000000000000036
LPTUSDT,35,0.5,-3.0,0,0.0,0.0
LPTUSDT,35,0.5,-2.0,0,0.0,0.0
LPTUSDT,35,0.5,-1.0,0,0.0,0.0
LPTUSDT,35,1.0,-3.0,0,0.0,0.0
LPTUSDT,35,1.0,-2.0,0,0.0,0.0
LPTUSDT,35,1.0,-1.0,0,0.0,0.0
LPTUSDT,40,0.0,-3.0,6,50.0,3.0000000000000036
LPTUSDT,40,0.0,-2.0,6,50.0,3.0000000000000036
LPTUSDT,40,0.0,-1.0,8,37.5,1.7500000000000027
LPTUSDT,40,0.5,-3.0,0,0.0,0.0
LPTUSDT,40,0.5,-2.0,0,0.0,0.0
LPTUSDT,40,0.5,-1.0,0,0.0,0.0
LPTUSDT,40,1.0,-3.0,0,0.0,0.0
LPTUSDT,40,1.0,-2.0,0,0.0,0.0
LPTUSDT,40,1.0,-1.0,0,0.0,0.0
WIFUSDT,20,0.0,-3.0,0,0.0,0.0
WIFUSDT,20,0.0,-2.0,0,0.0,0.0
WIFUSDT,20,0.0,-1.0,0,0.0,0.0
WIFUSDT,20,0.5,-3.0,0,0.0,0.0
WIFUSDT,20,0.5,-2.0,0,0.0,0.0
WIFUSDT,20,0.5,-1.0,0,0.0,0.0
WIFUSDT,20,1.0,-3.0,0,0.0,0.0
WIFUSDT,20,1.0,-2.0,0,0.0,0.0
WIFUSDT,20,1.0,-1.0,0,0.0,0.0
WIFUSDT,25,0.0,-3.0,1,0.0,-1.9999999999999976
WIFUSDT,25,0.0,-2.0,1,0.0,-1.9999999999999976
WIFUSDT,25,0.0,-1.0,1,0.0,-1.9999999999999976
WIFUSDT,25,0.5,-3.0,0,0.0,0.0
WIFUSDT,25,0.5,-2.0,0,0.0,0.0
WIFUSDT,25,0.5,-1.0,0,0.0,0.0
WIFUSDT,25,1.0,-3.0,0,0.0,0.0
WIFUSDT,25,1.0,-2.0,0,0.0,0.0
WIFUSDT,25,1.0,-1.0,0,0.0,0.0
WIFUSDT,30,0.0,-3.0,1,0.0,-1.9999999999999976
WIFUSDT,30,0.0,-2.0,1,0.0,-1.9999999999999976
WIFUSDT,30,0.0,-1.0,1,0.0,-1.9999999999999976
WIFUSDT,30,0.5,-3.0,0,0.0,0.0
WIFUSDT,30,0.5,-2.0,0,0.0,0.0
WIFUSDT,30,0.5,-1.0,0,0.0,0.0
WIFUSDT,30,1.0,-3.0,0,0.0,0.0
WIFUSDT,30,1.0,-2.0,0,0.0,0.0
WIFUSDT,30,1.0,-1.0,0,0.0,0.0
WIFUSDT,35,0.0,-3.0,4,75.0,5.50000000000001
WIFUSDT,35,0.0,-2.0,4,75.0,5.50000000000001
WIFUSDT,35,0.0,-1.0,4,75.0,5.50000000000001
WIFUSDT,35,0.5,-3.0,0,0.0,0.0
WIFUSDT,35,0.5,-2.0,0,0.0,0.0
WIFUSDT,35,0.5,-1.0,0,0.0,0.0
WIFUSDT,35,1.0,-3.0,0,0.0,0.0
WIFUSDT,35,1.0,-2.0,0,0.0,0.0
WIFUSDT,35,1.0,-1.0,0,0.0,0.0
WIFUSDT,40,0.0,-3.0,5,60.0,4.000000000000006
WIFUSDT,40,0.0,-2.0,5,60.0,4.000000000000006
WIFUSDT,40,0.0,-1.0,5,60.0,4.000000000000006
WIFUSDT,40,0.5,-3.0,0,0.0,0.0
WIFUSDT,40,0.5,-2.0,0,0.0,0.0
WIFUSDT,40,0.5,-1.0,0,0.0,0.0
WIFUSDT,40,1.0,-3.0,0,0.0,0.0
WIFUSDT,40,1.0,-2.0,0,0.0,0.0
WIFUSDT,40,1.0,-1.0,0,0.0,0.0
RVNUSDT,20,0.0,-3.0,0,0.0,0.0
RVNUSDT,20,0.0,-2.0,0,0.0,0.0
RVNUSDT,20,0.0,-1.0,0,0.0,0.0
RVNUSDT,20,0.5,-3.0,0,0.0,0.0
RVNUSDT,20,0.5,-2.0,0,0.0,0.0
RVNUSDT,20,0.5,-1.0,0,0.0,0.0
RVNUSDT,20,1.0,-3.0,0,0.0,0.0
RVNUSDT,20,1.0,-2.0,0,0.0,0.0
RVNUSDT,20,1.0,-1.0,0,0.0,0.0
RVNUSDT,25,0.0,-3.0,0,0.0,0.0
RVNUSDT,25,0.0,-2.0,0,0.0,0.0
RVNUSDT,25,0.0,-1.0,0,0.0,0.0
RVNUSDT,25,0.5,-3.0,0,0.0,0.0
RVNUSDT,25,0.5,-2.0,0,0.0,0.0
RVNUSDT,25,0.5,-1.0,0,0.0,0.0
RVNUSDT,25,1.0,-3.0,0,0.0,0.0
RVNUSDT,25,1.0,-2.0,0,0.0,0.0
RVNUSDT,25,1.0,-1.0,0,0.0,0.0
RVNUSDT,30,0.0,-3.0,0,0.0,0.0
RVNUSDT,30,0.0,-2.0,0,0.0,0.0
RVNUSDT,30,0.0,-1.0,0,0.0,0.0
RVNUSDT,30,0.5,-3.0,0,0.0,0.0
RVNUSDT,30,0.5,-2.0,0,0.0,0.0
RVNUSDT,30,0.5,-1.0,0,0.0,0.0
RVNUSDT,30,1.0,-3.0,0,0.0,0.0
RVNUSDT,30,1.0,-2.0,0,0.0,0.0
RVNUSDT,30,1.0,-1.0,0,0.0,0.0
RVNUSDT,35,0.0,-3.0,1,0.0,-2.000000000000008
RVNUSDT,35,0.0,-2.0,1,0.0,-2.000000000000008
RVNUSDT,35,0.0,-1.0,1,0.0,-2.000000000000008
RVNUSDT,35,0.5,-3.0,0,0.0,0.0
RVNUSDT,35,0.5,-2.0,0,0.0,0.0
RVNUSDT,35,0.5,-1.0,0,0.0,0.0
RVNUSDT,35,1.0,-3.0,0,0.0,0.0
RVNUSDT,35,1.0,-2.0,0,0.0,0.0
RVNUSDT,35,1.0,-1.0,0,0.0,0.0
RVNUSDT,40,0.0,-3.0,3,0.0,-2.0
RVNUSDT,40,0.0,-2.0,3,0.0,-2.0
RVNUSDT,40,0.0,-1.0,3,0.0,-2.0
RVNUSDT,40,0.5,-3.0,0,0.0,0.0
RVNUSDT,40,0.5,-2.0,0,0.0,0.0
RVNUSDT,40,0.5,-1.0,0,0.0,0.0
RVNUSDT,40,1.0,-3.0,0,0.0,0.0
RVNUSDT,40,1.0,-2.0,0,0.0,0.0
RVNUSDT,40,1.0,-1.0,0,0.0,0.0
COMPUSDT,20,0.0,-3.0,0,0.0,0.0
COMPUSDT,20,0.0,-2.0,0,0.0,0.0
COMPUSDT,20,0.0,-1.0,0,0.0,0.0
COMPUSDT,20,0.5,-3.0,0,0.0,0.0
COMPUSDT,20,0.5,-2.0,0,0.0,0.0
COMPUSDT,20,0.5,-1.0,0,0.0,0.0
COMPUSDT,20,1.0,-3.0,0,0.0,0.0
COMPUSDT,20,1.0,-2.0,0,0.0,0.0
COMPUSDT,20,1.0,-1.0,0,0.0,0.0
COMPUSDT,25,0.0,-3.0,0,0.0,0.0
COMPUSDT,25,0.0,-2.0,0,0.0,0.0
COMPUSDT,25,0.0,-1.0,0,0.0,0.0
COMPUSDT,25,0.5,-3.0,0,0.0,0.0
COMPUSDT,25,0.5,-2.0,0,0.0,0.0
COMPUSDT,25,0.5,-1.0,0,0.0,0.0
COMPUSDT,25,1.0,-3.0,0,0.0,0.0
COMPUSDT,25,1.0,-2.0,0,0.0,0.0
COMPUSDT,25,1.0,-1.0,0,0.0,0.0
COMPUSDT,30,0.0,-3.0,0,0.0,0.0
COMPUSDT,30,0.0,-2.0,0,0.0,0.0
COMPUSDT,30,0.0,-1.0,0,0.0,0.0
COMPUSDT,30,0.5,-3.0,0,0.0,0.0
COMPUSDT,30,0.5,-2.0,0,0.0,0.0
COMPUSDT,30,0.5,-1.0,0,0.0,0.0
COMPUSDT,30,1.0,-3.0,0,0.0,0.0
COMPUSDT,30,1.0,-2.0,0,0.0,0.0
COMPUSDT,30,1.0,-1.0,0,0.0,0.0
COMPUSDT,35,0.0,-3.0,1,0.0,-2.0000000000000004
COMPUSDT,35,0.0,-2.0,1,0.0,-2.0000000000000004
COMPUSDT,35,0.0,-1.0,1,0.0,-2.0000000000000004
COMPUSDT,35,0.5,-3.0,0,0.0,0.0
COMPUSDT,35,0.5,-2.0,0,0.0,0.0
COMPUSDT,35,0.5,-1.0,0,0.0,0.0
COMPUSDT,35,1.0,-3.0,0,0.0,0.0
COMPUSDT,35,1.0,-2.0,0,0.0,0.0
COMPUSDT,35,1.0,-1.0,0,0.0,0.0
COMPUSDT,40,0.0,-3.0,1,0.0,-2.0000000000000004
COMPUSDT,40,0.0,-2.0,1,0.0,-2.0000000000000004
COMPUSDT,40,0.0,-1.0,1,0.0,-2.0000000000000004
COMPUSDT,40,0.5,-3.0,0,0.0,0.0
COMPUSDT,40,0.5,-2.0,0,0.0,0.0
COMPUSDT,40,0.5,-1.0,0,0.0,0.0
COMPUSDT,40,1.0,-3.0,0,0.0,0.0
COMPUSDT,40,1.0,-2.0,0,0.0,0.0
COMPUSDT,40,1.0,-1.0,0,0.0,0.0
WCTUSDT,20,0.0,-3.0,0,0.0,0.0
WCTUSDT,20,0.0,-2.0,0,0.0,0.0
WCTUSDT,20,0.0,-1.0,0,0.0,0.0
WCTUSDT,20,0.5,-3.0,0,0.0,0.0
WCTUSDT,20,0.5,-2.0,0,0.0,0.0
WCTUSDT,20,0.5,-1.0,0,0.0,0.0
WCTUSDT,20,1.0,-3.0,0,0.0,0.0
WCTUSDT,20,1.0,-2.0,0,0.0,0.0
WCTUSDT,20,1.0,-1.0,0,0.0,0.0
WCTUSDT,25,0.0,-3.0,0,0.0,0.0
WCTUSDT,25,0.0,-2.0,0,0.0,0.0
WCTUSDT,25,0.0,-1.0,0,0.0,0.0
WCTUSDT,25,0.5,-3.0,0,0.0,0.0
WCTUSDT,25,0.5,-2.0,0,0.0,0.0
WCTUSDT,25,0.5,-1.0,0,0.0,0.0
WCTUSDT,25,1.0,-3.0,0,0.0,0.0
WCTUSDT,25,1.0,-2.0,0,0.0,0.0
WCTUSDT,25,1.0,-1.0,0,0.0,0.0
WCTUSDT,30,0.0,-3.0,1,0.0,-2.000000000000007
WCTUSDT,30,0.0,-2.0,1,0.0,-2.000000000000007
WCTUSDT,30,0.0,-1.0,1,0.0,-2.000000000000007
WCTUSDT,30,0.5,-3.0,0,0.0,0.0
WCTUSDT,30,0.5,-2.0,0,0.0,0.0
WCTUSDT,30,0.5,-1.0,0,0.0,0.0
WCTUSDT,30,1.0,-3.0,0,0.0,0.0
WCTUSDT,30,1.0,-2.0,0,0.0,0.0
WCTUSDT,30,1.0,-1.0,0,0.0,0.0
WCTUSDT,35,0.0,-3.0,1,0.0,-2.000000000000007
WCTUSDT,35,0.0,-2.0,1,0.0,-2.000000000000007
WCTUSDT,35,0.0,-1.0,1,0.0,-2.000000000000007
WCTUSDT,35,0.5,-3.0,0,0.0,0.0
WCTUSDT,35,0.5,-2.0,0,0.0,0.0
WCTUSDT,35,0.5,-1.0,0,0.0,0.0
WCTUSDT,35,1.0,-3.0,0,0.0,0.0
WCTUSDT,35,1.0,-2.0,0,0.0,0.0
WCTUSDT,35,1.0,-1.0,0,0.0,0.0
WCTUSDT,40,0.0,-3.0,2,0.0,-2.000000000000002
WCTUSDT,40,0.0,-2.0,2,0.0,-2.000000000000002
WCTUSDT,40,0.0,-1.0,2,0.0,-2.000000000000002
WCTUSDT,40,0.5,-3.0,0,0.0,0.0
WCTUSDT,40,0.5,-2.0,0,0.0,0.0
WCTUSDT,40,0.5,-1.0,0,0.0,0.0
WCTUSDT,40,1.0,-3.0,0,0.0,0.0
WCTUSDT,40,1.0,-2.0,0,0.0,0.0
WCTUSDT,40,1.0,-1.0,0,0.0,0.0
ENAUSDT,20,0.0,-3.0,0,0.0,0.0
ENAUSDT,20,0.0,-2.0,0,0.0,0.0
ENAUSDT,20,0.0,-1.0,0,0.0,0.0
ENAUSDT,20,0.5,-3.0,0,0.0,0.0
ENAUSDT,20,0.5,-2.0,0,0.0,0.0
ENAUSDT,20,0.5,-1.0,0,0.0,0.0
ENAUSDT,20,1.0,-3.0,0,0.0,0.0
ENAUSDT,20,1.0,-2.0,0,0.0,0.0
ENAUSDT,20,1.0,-1.0,0,0.0,0.0
ENAUSDT,25,0.0,-3.0,0,0.0,0.0
ENAUSDT,25,0.0,-2.0,0,0.0,0.0
ENAUSDT,25,0.0,-1.0,0,0.0,0.0
ENAUSDT,25,0.5,-3.0,0,0.0,0.0
ENAUSDT,25,0.5,-2.0,0,0.0,0.0
ENAUSDT,25,0.5,-1.0,0,0.0,0.0
ENAUSDT,25,1.0,-3.0,0,0.0,0.0
ENAUSDT,25,1.0,-2.0,0,0.0,0.0
ENAUSDT,25,1.0,-1.0,0,0.0,0.0
ENAUSDT,30,0.0,-3.0,0,0.0,0.0
ENAUSDT,30,0.0,-2.0,0,0.0,0.0
ENAUSDT,30,0.0,-1.0,0,0.0,0.0
ENAUSDT,30,0.5,-3.0,0,0.0,0.0
ENAUSDT,30,0.5,-2.0,0,0.0,0.0
ENAUSDT,30,0.5,-1.0,0,0.0,0.0
ENAUSDT,30,1.0,-3.0,0,0.0,0.0
ENAUSDT,30,1.0,-2.0,0,0.0,0.0
ENAUSDT,30,1.0,-1.0,0,0.0,0.0
ENAUSDT,35,0.0,-3.0,0,0.0,0.0
ENAUSDT,35,0.0,-2.0,0,0.0,0.0
ENAUSDT,35,0.0,-1.0,0,0.0,0.0
ENAUSDT,35,0.5,-3.0,0,0.0,0.0
ENAUSDT,35,0.5,-2.0,0,0.0,0.0
ENAUSDT,35,0.5,-1.0,0,0.0,0.0
ENAUSDT,35,1.0,-3.0,0,0.0,0.0
ENAUSDT,35,1.0,-2.0,0,0.0,0.0
ENAUSDT,35,1.0,-1.0,0,0.0,0.0
ENAUSDT,40,0.0,-3.0,4,75.0,5.500000000000005
ENAUSDT,40,0.0,-2.0,4,75.0,5.500000000000005
ENAUSDT,40,0.0,-1.0,4,75.0,5.500000000000005
ENAUSDT,40,0.5,-3.0,0,0.0,0.0
ENAUSDT,40,0.5,-2.0,0,0.0,0.0
ENAUSDT,40,0.5,-1.0,0,0.0,0.0
ENAUSDT,40,1.0,-3.0,0,0.0,0.0
ENAUSDT,40,1.0,-2.0,0,0.0,0.0
ENAUSDT,40,1.0,-1.0,0,0.0,0.0
ANIMEUSDT,20,0.0,-3.0,0,0.0,0.0
ANIMEUSDT,20,0.0,-2.0,0,0.0,0.0
ANIMEUSDT,20,0.0,-1.0,0,0.0,0.0
ANIMEUSDT,20,0.5,-3.0,0,0.0,0.0
ANIMEUSDT,20,0.5,-2.0,0,0.0,0.0
ANIMEUSDT,20,0.5,-1.0,0,0.0,0.0
ANIMEUSDT,20,1.0,-3.0,0,0.0,0.0
ANIMEUSDT,20,1.0,-2.0,0,0.0,0.0
ANIMEUSDT,20,1.0,-1.0,0,0.0,0.0
ANIMEUSDT,25,0.0,-3.0,0,0.0,0.0
ANIMEUSDT,25,0.0,-2.0,0,0.0,0.0
ANIMEUSDT,25,0.0,-1.0,0,0.0,0.0
ANIMEUSDT,25,0.5,-3.0,0,0.0,0.0
ANIMEUSDT,25,0.5,-2.0,0,0.0,0.0
ANIMEUSDT,25,0.5,-1.0,0,0.0,0.0
ANIMEUSDT,25,1.0,-3.0,0,0.0,0.0
ANIMEUSDT,25,1.0,-2.0,0,0.0,0.0
ANIMEUSDT,25,1.0,-1.0,0,0.0,0.0
ANIMEUSDT,30,0.0,-3.0,0,0.0,0.0
ANIMEUSDT,30,0.0,-2.0,0,0.0,0.0
ANIMEUSDT,30,0.0,-1.0,0,0.0,0.0
ANIMEUSDT,30,0.5,-3.0,0,0.0,0.0
ANIMEUSDT,30,0.5,-2.0,0,0.0,0.0
ANIMEUSDT,30,0.5,-1.0,0,0.0,0.0
ANIMEUSDT,30,1.0,-3.0,0,0.0,0.0
ANIMEUSDT,30,1.0,-2.0,0,0.0,0.0
ANIMEUSDT,30,1.0,-1.0,0,0.0,0.0
ANIMEUSDT,35,0.0,-3.0,0,0.0,0.0
ANIMEUSDT,35,0.0,-2.0,0,0.0,0.0
ANIMEUSDT,35,0.0,-1.0,0,0.0,0.0
ANIMEUSDT,35,0.5,-3.0,0,0.0,0.0
ANIMEUSDT,35,0.5,-2.0,0,0.0,0.0
ANIMEUSDT,35,0.5,-1.0,0,0.0,0.0
ANIMEUSDT,35,1.0,-3.0,0,0.0,0.0
ANIMEUSDT,35,1.0,-2.0,0,0.0,0.0
ANIMEUSDT,35,1.0,-1.0,0,0.0,0.0
ANIMEUSDT,40,0.0,-3.0,0,0.0,0.0
ANIMEUSDT,40,0.0,-2.0,0,0.0,0.0
ANIMEUSDT,40,0.0,-1.0,0,0.0,0.0
ANIMEUSDT,40,0.5,-3.0,0,0.0,0.0
ANIMEUSDT,40,0.5,-2.0,0,0.0,0.0
ANIMEUSDT,40,0.5,-1.0,0,0.0,0.0
ANIMEUSDT,40,1.0,-3.0,0,0.0,0.0
ANIMEUSDT,40,1.0,-2.0,0,0.0,0.0
ANIMEUSDT,40,1.0,-1.0,0,0.0,0.0
AAVEUSDT,20,0.0,-3.0,0,0.0,0.0
AAVEUSDT,20,0.0,-2.0,0,0.0,0.0
AAVEUSDT,20,0.0,-1.0,0,0.0,0.0
AAVEUSDT,20,0.5,-3.0,0,0.0,0.0
AAVEUSDT,20,0.5,-2.0,0,0.0,0.0
AAVEUSDT,20,0.5,-1.0,0,0.0,0.0
AAVEUSDT,20,1.0,-3.0,0,0.0,0.0
AAVEUSDT,20,1.0,-2.0,0,0.0,0.0
AAVEUSDT,20,1.0,-1.0,0,0.0,0.0
AAVEUSDT,25,0.0,-3.0,0,0.0,0.0
AAVEUSDT,25,0.0,-2.0,0,0.0,0.0
AAVEUSDT,25,0.0,-1.0,0,0.0,0.0
AAVEUSDT,25,0.5,-3.0,0,0.0,0.0
AAVEUSDT,25,0.5,-2.0,0,0.0,0.0
AAVEUSDT,25,0.5,-1.0,0,0.0,0.0
AAVEUSDT,25,1.0,-3.0,0,0.0,0.0
AAVEUSDT,25,1.0,-2.0,0,0.0,0.0
AAVEUSDT,25,1.0,-1.0,0,0.0,0.0
AAVEUSDT,30,0.0,-3.0,0,0.0,0.0
AAVEUSDT,30,0.0,-2.0,0,0.0,0.0
AAVEUSDT,30,0.0,-1.0,0,0.0,0.0
AAVEUSDT,30,0.5,-3.0,0,0.0,0.0
AAVEUSDT,30,0.5,-2.0,0,0.0,0.0
AAVEUSDT,30,0.5,-1.0,0,0.0,0.0
AAVEUSDT,30,1.0,-3.0,0,0.0,0.0
AAVEUSDT,30,1.0,-2.0,0,0.0,0.0
AAVEUSDT,30,1.0,-1.0,0,0.0,0.0
AAVEUSDT,35,0.0,-3.0,3,66.66666666666666,3.333333333333332
AAVEUSDT,35,0.0,-2.0,3,66.66666666666666,3.333333333333332
AAVEUSDT,35,0.0,-1.0,3,66.66666666666666,3.333333333333332
AAVEUSDT,35,0.5,-3.0,3,66.66666666666666,3.333333333333332
AAVEUSDT,35,0.5,-2.0,3,66.66666666666666,3.333333333333332
AAVEUSDT,35,0.5,-1.0,3,66.66666666666666,3.333333333333332
AAVEUSDT,35,1.0,-3.0,3,66.66666666666666,3.333333333333332
AAVEUSDT,35,1.0,-2.0,3,66.66666666666666,3.333333333333332
AAVEUSDT,35,1.0,-1.0,3,66.66666666666666,3.333333333333332
AAVEUSDT,40,0.0,-3.0,3,66.66666666666666,3.333333333333332
AAVEUSDT,40,0.0,-2.0,3,66.66666666666666,3.333333333333332
AAVEUSDT,40,0.0,-1.0,3,66.66666666666666,3.333333333333332
AAVEUSDT,40,0.5,-3.0,3,66.66666666666666,3.333333333333332
AAVEUSDT,40,0.5,-2.0,3,66.66666666666666,3.333333333333332
AAVEUSDT,40,0.5,-1.0,3,66.66666666666666,3.333333333333332
AAVEUSDT,40,1.0,-3.0,3,66.66666666666666,3.333333333333332
AAVEUSDT,40,1.0,-2.0,3,66.66666666666666,3.333333333333332
AAVEUSDT,40,1.0,-1.0,3,66.66666666666666,3.333333333333332
TRBUSDT,20,0.0,-3.0,0,0.0,0.0
TRBUSDT,20,0.0,-2.0,0,0.0,0.0
TRBUSDT,20,0.0,-1.0,0,0.0,0.0
TRBUSDT,20,0.5,-3.0,0,0.0,0.0
TRBUSDT,20,0.5,-2.0,0,0.0,0.0
TRBUSDT,20,0.5,-1.0,0,0.0,0.0
TRBUSDT,20,1.0,-3.0,0,0.0,0.0
TRBUSDT,20,1.0,-2.0,0,0.0,0.0
TRBUSDT,20,1.0,-1.0,0,0.0,0.0
TRBUSDT,25,0.0,-3.0,0,0.0,0.0
TRBUSDT,25,0.0,-2.0,0,0.0,0.0
TRBUSDT,25,0.0,-1.0,0,0.0,0.0
TRBUSDT,25,0.5,-3.0,0,0.0,0.0
TRBUSDT,25,0.5,-2.0,0,0.0,0.0
TRBUSDT,25,0.5,-1.0,0,0.0,0.0
TRBUSDT,25,1.0,-3.0,0,0.0,0.0
TRBUSDT,25,1.0,-2.0,0,0.0,0.0
TRBUSDT,25,1.0,-1.0,0,0.0,0.0
TRBUSDT,30,0.0,-3.0,0,0.0,0.0
TRBUSDT,30,0.0,-2.0,0,0.0,0.0
TRBUSDT,30,0.0,-1.0,0,0.0,0.0
TRBUSDT,30,0.5,-3.0,0,0.0,0.0
TRBUSDT,30,0.5,-2.0,0,0.0,0.0
TRBUSDT,30,0.5,-1.0,0,0.0,0.0
TRBUSDT,30,1.0,-3.0,0,0.0,0.0
TRBUSDT,30,1.0,-2.0,0,0.0,0.0
TRBUSDT,30,1.0,-1.0,0,0.0,0.0
TRBUSDT,35,0.0,-3.0,41,100.0,7.902439024390254
TRBUSDT,35,0.0,-2.0,41,100.0,7.902439024390254
TRBUSDT,35,0.0,-1.0,41,100.0,7.902439024390254
TRBUSDT,35,0.5,-3.0,0,0.0,0.0
TRBUSDT,35,0.5,-2.0,0,0.0,0.0
TRBUSDT,35,0.5,-1.0,0,0.0,0.0
TRBUSDT,35,1.0,-3.0,0,0.0,0.0
TRBUSDT,35,1.0,-2.0,0,0.0,0.0
TRBUSDT,35,1.0,-1.0,0,0.0,0.0
TRBUSDT,40,0.0,-3.0,44,100.0,7.909090909090912
TRBUSDT,40,0.0,-2.0,44,100.0,7.909090909090912
TRBUSDT,40,0.0,-1.0,44,100.0,7.909090909090912
TRBUSDT,40,0.5,-3.0,44,100.0,7.909090909090912
TRBUSDT,40,0.5,-2.0,44,100.0,7.909090909090912
TRBUSDT,40,0.5,-1.0,44,100.0,7.909090909090912
TRBUSDT,40,1.0,-3.0,0,0.0,0.0
TRBUSDT,40,1.0,-2.0,0,0.0,0.0
TRBUSDT,40,1.0,-1.0,0,0.0,0.0
LINKUSDT,20,0.0,-3.0,0,0.0,0.0
LINKUSDT,20,0.0,-2.0,0,0.0,0.0
LINKUSDT,20,0.0,-1.0,0,0.0,0.0
LINKUSDT,20,0.5,-3.0,0,0.0,0.0
LINKUSDT,20,0.5,-2.0,0,0.0,0.0
LINKUSDT,20,0.5,-1.0,0,0.0,0.0
LINKUSDT,20,1.0,-3.0,0,0.0,0.0
LINKUSDT,20,1.0,-2.0,0,0.0,0.0
LINKUSDT,20,1.0,-1.0,0,0.0,0.0
LINKUSDT,25,0.0,-3.0,0,0.0,0.0
LINKUSDT,25,0.0,-2.0,0,0.0,0.0
LINKUSDT,25,0.0,-1.0,0,0.0,0.0
LINKUSDT,25,0.5,-3.0,0,0.0,0.0
LINKUSDT,25,0.5,-2.0,0,0.0,0.0
LINKUSDT,25,0.5,-1.0,0,0.0,0.0
LINKUSDT,25,1.0,-3.0,0,0.0,0.0
LINKUSDT,25,1.0,-2.0,0,0.0,0.0
LINKUSDT,25,1.0,-1.0,0,0.0,0.0
LINKUSDT,30,0.0,-3.0,0,0.0,0.0
LINKUSDT,30,0.0,-2.0,0,0.0,0.0
LINKUSDT,30,0.0,-1.0,0,0.0,0.0
LINKUSDT,30,0.5,-3.0,0,0.0,0.0
LINKUSDT,30,0.5,-2.0,0,0.0,0.0
LINKUSDT,30,0.5,-1.0,0,0.0,0.0
LINKUSDT,30,1.0,-3.0,0,0.0,0.0
LINKUSDT,30,1.0,-2.0,0,0.0,0.0
LINKUSDT,30,1.0,-1.0,0,0.0,0.0
LINKUSDT,35,0.0,-3.0,1,0.0,-2.0000000000000058
LINKUSDT,35,0.0,-2.0,2,0.0,-2.0000000000000053
LINKUSDT,35,0.0,-1.0,2,0.0,-2.0000000000000053
LINKUSDT,35,0.5,-3.0,0,0.0,0.0
LINKUSDT,35,0.5,-2.0,0,0.0,0.0
LINKUSDT,35,0.5,-1.0,0,0.0,0.0
LINKUSDT,35,1.0,-3.0,0,0.0,0.0
LINKUSDT,35,1.0,-2.0,0,0.0,0.0
LINKUSDT,35,1.0,-1.0,0,0.0,0.0
LINKUSDT,40,0.0,-3.0,2,0.0,-2.000000000000008
LINKUSDT,40,0.0,-2.0,4,0.0,-2.0000000000000058
LINKUSDT,40,0.0,-1.0,5,0.0,-2.0000000000000058
LINKUSDT,40,0.5,-3.0,0,0.0,0.0
LINKUSDT,40,0.5,-2.0,0,0.0,0.0
LINKUSDT,40,0.5,-1.0,0,0.0,0.0
LINKUSDT,40,1.0,-3.0,0,0.0,0.0
LINKUSDT,40,1.0,-2.0,0,0.0,0.0
LINKUSDT,40,1.0,-1.0,0,0.0,0.0
UMAUSDT,20,0.0,-3.0,0,0.0,0.0
UMAUSDT,20,0.0,-2.0,0,0.0,0.0
UMAUSDT,20,0.0,-1.0,0,0.0,0.0
UMAUSDT,20,0.5,-3.0,0,0.0,0.0
UMAUSDT,20,0.5,-2.0,0,0.0,0.0
UMAUSDT,20,0.5,-1.0,0,0.0,0.0
UMAUSDT,20,1.0,-3.0,0,0.0,0.0
UMAUSDT,20,1.0,-2.0,0,0.0,0.0
UMAUSDT,20,1.0,-1.0,0,0.0,0.0
UMAUSDT,25,0.0,-3.0,0,0.0,0.0
UMAUSDT,25,0.0,-2.0,0,0.0,0.0
UMAUSDT,25,0.0,-1.0,0,0.0,0.0
UMAUSDT,25,0.5,-3.0,0,0.0,0.0
UMAUSDT,25,0.5,-2.0,0,0.0,0.0
UMAUSDT,25,0.5,-1.0,0,0.0,0.0
UMAUSDT,25,1.0,-3.0,0,0.0,0.0
UMAUSDT,25,1.0,-2.0,0,0.0,0.0
UMAUSDT,25,1.0,-1.0,0,0.0,0.0
UMAUSDT,30,0.0,-3.0,0,0.0,0.0
UMAUSDT,30,0.0,-2.0,0,0.0,0.0
UMAUSDT,30,0.0,-1.0,0,0.0,0.0
UMAUSDT,30,0.5,-3.0,0,0.0,0.0
UMAUSDT,30,0.5,-2.0,0,0.0,0.0
UMAUSDT,30,0.5,-1.0,0,0.0,0.0
UMAUSDT,30,1.0,-3.0,0,0.0,0.0
UMAUSDT,30,1.0,-2.0,0,0.0,0.0
UMAUSDT,30,1.0,-1.0,0,0.0,0.0
UMAUSDT,35,0.0,-3.0,0,0.0,0.0
UMAUSDT,35,0.0,-2.0,0,0.0,0.0
UMAUSDT,35,0.0,-1.0,0,0.0,0.0
UMAUSDT,35,0.5,-3.0,0,0.0,0.0
UMAUSDT,35,0.5,-2.0,0,0.0,0.0
UMAUSDT,35,0.5,-1.0,0,0.0,0.0
UMAUSDT,35,1.0,-3.0,0,0.0,0.0
UMAUSDT,35,1.0,-2.0,0,0.0,0.0
UMAUSDT,35,1.0,-1.0,0,0.0,0.0
UMAUSDT,40,0.0,-3.0,2,0.0,-1.9999999999999938
UMAUSDT,40,0.0,-2.0,3,0.0,-2.0000000000000036
UMAUSDT,40,0.0,-1.0,3,0.0,-2.0000000000000036
UMAUSDT,40,0.5,-3.0,0,0.0,0.0
UMAUSDT,40,0.5,-2.0,0,0.0,0.0
UMAUSDT,40,0.5,-1.0,0,0.0,0.0
UMAUSDT,40,1.0,-3.0,0,0.0,0.0
UMAUSDT,40,1.0,-2.0,0,0.0,0.0
UMAUSDT,40,1.0,-1.0,0,0.0,0.0
AVAXUSDT,20,0.0,-3.0,0,0.0,0.0
AVAXUSDT,20,0.0,-2.0,0,0.0,0.0
AVAXUSDT,20,0.0,-1.0,0,0.0,0.0
AVAXUSDT,20,0.5,-3.0,0,0.0,0.0
AVAXUSDT,20,0.5,-2.0,0,0.0,0.0
AVAXUSDT,20,0.5,-1.0,0,0.0,0.0
AVAXUSDT,20,1.0,-3.0,0,0.0,0.0
AVAXUSDT,20,1.0,-2.0,0,0.0,0.0
AVAXUSDT,20,1.0,-1.0,0,0.0,0.0
AVAXUSDT,25,0.0,-3.0,0,0.0,0.0
AVAXUSDT,25,0.0,-2.0,0,0.0,0.0
AVAXUSDT,25,0.0,-1.0,0,0.0,0.0
AVAXUSDT,25,0.5,-3.0,0,0.0,0.0
AVAXUSDT,25,0.5,-2.0,0,0.0,0.0
AVAXUSDT,25,0.5,-1.0,0,0.0,0.0
AVAXUSDT,25,1.0,-3.0,0,0.0,0.0
AVAXUSDT,25,1.0,-2.0,0,0.0,0.0
AVAXUSDT,25,1.0,-1.0,0,0.0,0.0
AVAXUSDT,30,0.0,-3.0,1,0.0,-2.000000000000009
AVAXUSDT,30,0.0,-2.0,1,0.0,-2.000000000000009
AVAXUSDT,30,0.0,-1.0,1,0.0,-2.000000000000009
AVAXUSDT,30,0.5,-3.0,0,0.0,0.0
AVAXUSDT,30,0.5,-2.0,0,0.0,0.0
AVAXUSDT,30,0.5,-1.0,0,0.0,0.0
AVAXUSDT,30,1.0,-3.0,0,0.0,0.0
AVAXUSDT,30,1.0,-2.0,0,0.0,0.0
AVAXUSDT,30,1.0,-1.0,0,0.0,0.0
AVAXUSDT,35,0.0,-3.0,2,0.0,-2.0000000000000084
AVAXUSDT,35,0.0,-2.0,2,0.0,-2.0000000000000084
AVAXUSDT,35,0.0,-1.0,2,0.0,-2.0000000000000084
AVAXUSDT,35,0.5,-3.0,0,0.0,0.0
AVAXUSDT,35,0.5,-2.0,0,0.0,0.0
AVAXUSDT,35,0.5,-1.0,0,0.0,0.0
AVAXUSDT,35,1.0,-3.0,0,0.0,0.0
AVAXUSDT,35,1.0,-2.0,0,0.0,0.0
AVAXUSDT,35,1.0,-1.0,0,0.0,0.0
AVAXUSDT,40,0.0,-3.0,5,40.0,1.1999999999999975
AVAXUSDT,40,0.0,-2.0,5,40.0,1.1999999999999975
AVAXUSDT,40,0.0,-1.0,5,40.0,1.1999999999999975
AVAXUSDT,40,0.5,-3.0,0,0.0,0.0
AVAXUSDT,40,0.5,-2.0,0,0.0,0.0
AVAXUSDT,40,0.5,-1.0,0,0.0,0.0
AVAXUSDT,40,1.0,-3.0,0,0.0,0.0
AVAXUSDT,40,1.0,-2.0,0,0.0,0.0
AVAXUSDT,40,1.0,-1.0,0,0.0,0.0
NEIROUSDT,20,0.0,-3.0,0,0.0,0.0
NEIROUSDT,20,0.0,-2.0,0,0.0,0.0
NEIROUSDT,20,0.0,-1.0,0,0.0,0.0
NEIROUSDT,20,0.5,-3.0,0,0.0,0.0
NEIROUSDT,20,0.5,-2.0,0,0.0,0.0
NEIROUSDT,20,0.5,-1.0,0,0.0,0.0
NEIROUSDT,20,1.0,-3.0,0,0.0,0.0
NEIROUSDT,20,1.0,-2.0,0,0.0,0.0
NEIROUSDT,20,1.0,-1.0,0,0.0,0.0
NEIROUSDT,25,0.0,-3.0,0,0.0,0.0
NEIROUSDT,25,0.0,-2.0,0,0.0,0.0
NEIROUSDT,25,0.0,-1.0,0,0.0,0.0
NEIROUSDT,25,0.5,-3.0,0,0.0,0.0
NEIROUSDT,25,0.5,-2.0,0,0.0,0.0
NEIROUSDT,25,0.5,-1.0,0,0.0,0.0
NEIROUSDT,25,1.0,-3.0,0,0.0,0.0
NEIROUSDT,25,1.0,-2.0,0,0.0,0.0
NEIROUSDT,25,1.0,-1.0,0,0.0,0.0
NEIROUSDT,30,0.0,-3.0,3,66.66666666666666,3.333333333333336
NEIROUSDT,30,0.0,-2.0,3,66.66666666666666,3.333333333333336
NEIROUSDT,30,0.0,-1.0,3,66.66666666666666,3.333333333333336
NEIROUSDT,30,0.5,-3.0,0,0.0,0.0
NEIROUSDT,30,0.5,-2.0,0,0.0,0.0
NEIROUSDT,30,0.5,-1.0,0,0.0,0.0
NEIROUSDT,30,1.0,-3.0,0,0.0,0.0
NEIROUSDT,30,1.0,-2.0,0,0.0,0.0
NEIROUSDT,30,1.0,-1.0,0,0.0,0.0
NEIROUSDT,35,0.0,-3.0,4,50.0,2.000000000000001
NEIROUSDT,35,0.0,-2.0,4,50.0,2.000000000000001
NEIROUSDT,35,0.0,-1.0,4,50.0,2.000000000000001
NEIROUSDT,35,0.5,-3.0,0,0.0,0.0
NEIROUSDT,35,0.5,-2.0,0,0.0,0.0
NEIROUSDT,35,0.5,-1.0,0,0.0,0.0
NEIROUSDT,35,1.0,-3.0,0,0.0,0.0
NEIROUSDT,35,1.0,-2.0,0,0.0,0.0
NEIROUSDT,35,1.0,-1.0,0,0.0,0.0
NEIROUSDT,40,0.0,-3.0,7,42.857142857142854,2.2857142857142896
NEIROUSDT,40,0.0,-2.0,7,42.857142857142854,2.2857142857142896
NEIROUSDT,40,0.0,-1.0,7,42.857142857142854,2.2857142857142896
NEIROUSDT,40,0.5,-3.0,0,0.0,0.0
NEIROUSDT,40,0.5,-2.0,0,0.0,0.0
NEIROUSDT,40,0.5,-1.0,0,0.0,0.0
NEIROUSDT,40,1.0,-3.0,0,0.0,0.0
NEIROUSDT,40,1.0,-2.0,0,0.0,0.0
NEIROUSDT,40,1.0,-1.0,0,0.0,0.0
HYPEUSDT,20,0.0,-3.0,0,0.0,0.0
HYPEUSDT,20,0.0,-2.0,0,0.0,0.0
HYPEUSDT,20,0.0,-1.0,0,0.0,0.0
HYPEUSDT,20,0.5,-3.0,0,0.0,0.0
HYPEUSDT,20,0.5,-2.0,0,0.0,0.0
HYPEUSDT,20,0.5,-1.0,0,0.0,0.0
HYPEUSDT,20,1.0,-3.0,0,0.0,0.0
HYPEUSDT,20,1.0,-2.0,0,0.0,0.0
HYPEUSDT,20,1.0,-1.0,0,0.0,0.0
HYPEUSDT,25,0.0,-3.0,0,0.0,0.0
HYPEUSDT,25,0.0,-2.0,0,0.0,0.0
HYPEUSDT,25,0.0,-1.0,0,0.0,0.0
HYPEUSDT,25,0.5,-3.0,0,0.0,0.0
HYPEUSDT,25,0.5,-2.0,0,0.0,0.0
HYPEUSDT,25,0.5,-1.0,0,0.0,0.0
HYPEUSDT,25,1.0,-3.0,0,0.0,0.0
HYPEUSDT,25,1.0,-2.0,0,0.0,0.0
HYPEUSDT,25,1.0,-1.0,0,0.0,0.0
HYPEUSDT,30,0.0,-3.0,0,0.0,0.0
HYPEUSDT,30,0.0,-2.0,0,0.0,0.0
HYPEUSDT,30,0.0,-1.0,0,0.0,0.0
HYPEUSDT,30,0.5,-3.0,0,0.0,0.0
HYPEUSDT,30,0.5,-2.0,0,0.0,0.0
HYPEUSDT,30,0.5,-1.0,0,0.0,0.0
HYPEUSDT,30,1.0,-3.0,0,0.0,0.0
HYPEUSDT,30,1.0,-2.0,0,0.0,0.0
HYPEUSDT,30,1.0,-1.0,0,0.0,0.0
HYPEUSDT,35,0.0,-3.0,0,0.0,0.0
HYPEUSDT,35,0.0,-2.0,0,0.0,0.0
HYPEUSDT,35,0.0,-1.0,0,0.0,0.0
HYPEUSDT,35,0.5,-3.0,0,0.0,0.0
HYPEUSDT,35,0.5,-2.0,0,0.0,0.0
HYPEUSDT,35,0.5,-1.0,0,0.0,0.0
HYPEUSDT,35,1.0,-3.0,0,0.0,0.0
HYPEUSDT,35,1.0,-2.0,0,0.0,0.0
HYPEUSDT,35,1.0,-1.0,0,0.0,0.0
HYPEUSDT,40,0.0,-3.0,0,0.0,0.0
HYPEUSDT,40,0.0,-2.0,0,0.0,0.0
HYPEUSDT,40,0.0,-1.0,0,0.0,0.0
HYPEUSDT,40,0.5,-3.0,0,0.0,0.0
HYPEUSDT,40,0.5,-2.0,0,0.0,0.0
HYPEUSDT,40,0.5,-1.0,0,0.0,0.0
HYPEUSDT,40,1.0,-3.0,0,0.0,0.0
HYPEUSDT,40,1.0,-2.0,0,0.0,0.0
HYPEUSDT,40,1.0,-1.0,0,0.0,0.0
MOODENGUSDT,20,0.0,-3.0,0,0.0,0.0
MOODENGUSDT,20,0.0,-2.0,0,0.0,0.0
MOODENGUSDT,20,0.0,-1.0,0,0.0,0.0
MOODENGUSDT,20,0.5,-3.0,0,0.0,0.0
MOODENGUSDT,20,0.5,-2.0,0,0.0,0.0
MOODENGUSDT,20,0.5,-1.0,0,0.0,0.0
MOODENGUSDT,20,1.0,-3.0,0,0.0,0.0
MOODENGUSDT,20,1.0,-2.0,0,0.0,0.0
MOODENGUSDT,20,1.0,-1.0,0,0.0,0.0
MOODENGUSDT,25,0.0,-3.0,0,0.0,0.0
MOODENGUSDT,25,0.0,-2.0,0,0.0,0.0
MOODENGUSDT,25,0.0,-1.0,0,0.0,0.0
MOODENGUSDT,25,0.5,-3.0,0,0.0,0.0
MOODENGUSDT,25,0.5,-2.0,0,0.0,0.0
MOODENGUSDT,25,0.5,-1.0,0,0.0,0.0
MOODENGUSDT,25,1.0,-3.0,0,0.0,0.0
MOODENGUSDT,25,1.0,-2.0,0,0.0,0.0
MOODENGUSDT,25,1.0,-1.0,0,0.0,0.0
MOODENGUSDT,30,0.0,-3.0,0,0.0,0.0
MOODENGUSDT,30,0.0,-2.0,0,0.0,0.0
MOODENGUSDT,30,0.0,-1.0,0,0.0,0.0
MOODENGUSDT,30,0.5,-3.0,0,0.0,0.0
MOODENGUSDT,30,0.5,-2.0,0,0.0,0.0
MOODENGUSDT,30,0.5,-1.0,0,0.0,0.0
MOODENGUSDT,30,1.0,-3.0,0,0.0,0.0
MOODENGUSDT,30,1.0,-2.0,0,0.0,0.0
MOODENGUSDT,30,1.0,-1.0,0,0.0,0.0
MOODENGUSDT,35,0.0,-3.0,0,0.0,0.0
MOODENGUSDT,35,0.0,-2.0,0,0.0,0.0
MOODENGUSDT,35,0.0,-1.0,0,0.0,0.0
MOODENGUSDT,35,0.5,-3.0,0,0.0,0.0
MOODENGUSDT,35,0.5,-2.0,0,0.0,0.0
MOODENGUSDT,35,0.5,-1.0,0,0.0,0.0
MOODENGUSDT,35,1.0,-3.0,0,0.0,0.0
MOODENGUSDT,35,1.0,-2.0,0,0.0,0.0
MOODENGUSDT,35,1.0,-1.0,0,0.0,0.0
MOODENGUSDT,40,0.0,-3.0,0,0.0,0.0
MOODENGUSDT,40,0.0,-2.0,0,0.0,0.0
MOODENGUSDT,40,0.0,-1.0,0,0.0,0.0
MOODENGUSDT,40,0.5,-3.0,0,0.0,0.0
MOODENGUSDT,40,0.5,-2.0,0,0.0,0.0
MOODENGUSDT,40,0.5,-1.0,0,0.0,0.0
MOODENGUSDT,40,1.0,-3.0,0,0.0,0.0
MOODENGUSDT,40,1.0,-2.0,0,0.0,0.0
MOODENGUSDT,40,1.0,-1.0,0,0.0,0.0
